{
  "Author": "GoodHood",
  "Compatibility": "Compatible",
  "DefuserDifficulty": "VeryEasy",
  "Description": "Create a binary string from the flashes of a cylinder and get to a target number. Tags: coloured, cylinder, 3-buttons",
  "ExpertDifficulty": "Medium",
  "ModuleID": "colouredCylinder",
  "Name": "Coloured Cylinder",
  "Origin": "Mods",
  "Published": "2023-04-05",
  "SortKey": "COLOUREDCYLINDER",
  "SourceUrl": "https://github.com/GoodHood1/KTaNE-Coloured-Cylinder",
  "SteamID": "2958043176",
  "Symbol": "Ccy",
  "Type": "Regular"
}